Search,Cost,Clicks,Impressions,Conversions
nil settlement,$0.00,0,13,0.00
nil settlement update,$0.00,0,4,0.00
nil,$0.98,1,3,0.00
nil compensation,$0.00,0,3,0.00
nil claim,$0.00,0,2,0.00
nil lawsuit,$0.95,1,2,0.00
sell your ncaa settlement claim,$0.00,0,2,0.00
college athlete nil litigation house settlement,$0.00,0,1,0.00
ncaa nil lawsuit settlement,$0.00,0,1,0.00
ncaa nil settlement,$0.00,0,1,0.00
ncaa nil settlement payout date,$0.00,0,1,0.00
nil back pay,$0.00,0,1,0.00
nil claims,$0.00,0,1,0.00
nil compensation lawsuit,$0.00,0,1,0.00
nil house settlement,$0.00,0,1,0.00
nil lawsuit payout,$0.00,0,1,0.00
nil lawsuit settlement,$0.00,0,1,0.00
nil lawsuit update,$0.00,0,1,0.00
nil settlement agreement,$0.00,0,1,0.00
nil settlement back pay,$0.00,0,1,0.00
nil settlement payout,$0.00,0,1,0.00
nil settlement payout date,$0.00,0,1,0.00
sell ncaa claim,$0.97,1,1,0.00
